ID,Blood_Group,location,email,Month_Since_Last_Donation,Body_Temperature,Hemoglobin_content,Weight,Donate_Blood
936,AB-,Kochi,sharbin1999@gmail.com,6,36.22,12.62,56.0,1
132,AB-,Aluva,santosh@techversantinfo.com,6,36.0,13.0,72.0,1
560,A-,Perumbavoor,sharbin1999@gmail.com,5,36.28,12.84,62.0,1
753,A-,Kochi,sharbin1999@gmail.com,7,37.38,14.74,73.0,1
712,A-,Kothamangalam,sreeragkolath@gmail.com,7,34.0,12.0,61.27,1
672,B-,Kalamassery,sharbin1999@gmail.com,11,35.74,13.67,67.0,1
298,B-,Aluva,sharbin1999@gmail.com,13,37.31,14.48,57.0,1
728,B-,Perumbavoor,sharbin1999@gmail.com,1,36.17,12.68,60.0,1
578,B-,Muvattupuzha,shanithshaji97@gmail.com,13,36.12,14.63,67.0,1
410,B-,Koothattukulam,sreeragkolath@gmail.com,10,36.67,13.95,51.0,1
587,B-,Thrikkakara,sreeragkolath@gmail.com,12,36.87,13.87,85.0,1
121,A+,kothamangalam,sreeragkolath@gmail.com,4,32.0,13.0,58.0,1
169,B+,Aluva,santosh@techversantinfo.com,8,36.28,12.7,71.0,1
517,B+,Thrikkakara,littinrajan@gmail.com,13,36.18,14.31,50.0,1
963,B+,Muvattupuzha,shanithshaji97@gmail.com,1,36.21,13.4,53.0,1
281,B+,Kochi,shanithshaji97@gmail.com,14,35.9,13.06,68.0,1
845,B+,Kothamangalam,shanithshaji97@gmail.com,13,35.86,12.81,70.0,1
821,B+,Kothamangalam,sharbin1999@gmail.com,17,36.87,12.84,83.0,1
972,AB+,Koothattukulam,sharbin1999@gmail.com,11,37.11,14.44,82.0,1
841,AB+,Thrikkakara,littinrajan@gmail.com,3,36.65,12.84,76.0,1
916,AB+,Paravur,sharbin1999@gmail.com,17,37.13,12.87,81.0,1
125,AB+,Koothattukulam,sreeragkolath@gmail.com,11,37.26,14.23,59.0,1
588,O+,Thrikkakara,shanithshaji97@gmail.com,18,36.3,13.46,74.0,1
