ID,Blood_Group,location,email
936,AB-,Kochi,sharbin1999@gmail.com
132,AB-,Aluva,santosh@techversantinfo.com
560,A-,Perumbavoor,sharbin1999@gmail.com
753,A-,Kochi,sharbin1999@gmail.com
712,A-,Kothamangalam,sreeragkolath@gmail.com
672,B-,Kalamassery,sharbin1999@gmail.com
298,B-,Aluva,sharbin1999@gmail.com
728,B-,Perumbavoor,sharbin1999@gmail.com
578,B-,Muvattupuzha,shanithshaji97@gmail.com
410,B-,Koothattukulam,sreeragkolath@gmail.com
587,B-,Thrikkakara,sreeragkolath@gmail.com
121,A+,kothamangalam,sreeragkolath@gmail.com
169,B+,Aluva,santosh@techversantinfo.com
517,B+,Thrikkakara,littinrajan@gmail.com
963,B+,Muvattupuzha,shanithshaji97@gmail.com
281,B+,Kochi,shanithshaji97@gmail.com
845,B+,Kothamangalam,shanithshaji97@gmail.com
821,B+,Kothamangalam,sharbin1999@gmail.com
972,AB+,Koothattukulam,sharbin1999@gmail.com
841,AB+,Thrikkakara,littinrajan@gmail.com
916,AB+,Paravur,sharbin1999@gmail.com
125,AB+,Koothattukulam,sreeragkolath@gmail.com
588,O+,Thrikkakara,shanithshaji97@gmail.com
