ID,Name,Blood_Group,location,Month_Since_Last_Donation,Body_Temperature,Hemoglobin_content,Weight,email,Phone Number
447,Karthik,O+,Koothattukulam,7,37.19,12.1,68.0,littinrajan@gmail.com,9497004580
724,Joseph,B+,Koothattukulam,15,38.68,13.36,83.0,sreeragkolath@gmail.com,9497004580
363,John,AB+,Kothamangalam,9,37.85,14.04,58.0,shanithshaji97@gmail.com,9645960193
972,Jayadev,AB+,Koothattukulam,11,37.11,14.44,82.0,sharbin1999@gmail.com,9746604142
549,Shanith,B+,Thripunithura,18,37.75,13.61,58.0,sreeragkolath@gmail.com,9645960193
278,Gopal,B+,Kothamangalam,8,37.78,13.21,66.0,shanithshaji97@gmail.com,9746604142
672,Vysakh,B-,Kalamassery,11,35.74,13.67,67.0,sharbin1999@gmail.com,9645960193
997,Gopal,A-,Perumbavoor,1,37.77,12.95,68.0,sreeragkolath@gmail.com,7012485267
169,Vishnu,B+,Aluva,8,36.28,12.7,71.0,santosh@techversantinfo.com,9746604142
936,Shanith,AB-,Kochi,6,36.22,12.62,56.0,sharbin1999@gmail.com,9497004580
399,Gokul,AB+,Piravom,16,38.55,13.49,72.0,shanithshaji97@gmail.com,8249330554
298,Dileep,B-,Aluva,13,37.31,14.48,57.0,sharbin1999@gmail.com,9497004580
728,Joseph,B-,Perumbavoor,1,36.17,12.68,60.0,sharbin1999@gmail.com,9746604142
435,Gopal,O+,Piravom,10,38.29,13.73,80.0,littinrajan@gmail.com,9746604142
841,John,AB+,Thrikkakara,3,36.65,12.84,76.0,littinrajan@gmail.com,8249330554
790,Jayadev,A-,Paravur,13,38.76,14.75,51.0,littinrajan@gmail.com,9746604142
517,Shanith,B+,Thrikkakara,13,36.18,14.31,50.0,littinrajan@gmail.com,8249330554
987,Shanith,A-,Muvattupuzha,10,38.57,14.25,58.0,sreeragkolath@gmail.com,7012485267
578,Mithun,B-,Muvattupuzha,13,36.12,14.63,67.0,shanithshaji97@gmail.com,9497004580
916,John,AB+,Paravur,17,37.13,12.87,81.0,sharbin1999@gmail.com,9746604142
917,John,A-,Piravom,1,37.5,12.0,70.0,littinrajan@gmail.com,8249330554
891,Deepak,B+,Muvattupuzha,7,38.8,13.0,75.0,littinrajan@gmail.com,7012485267
765,Vysakh,B-,Kalamassery,4,37.4,12.8,67.0,sreeragkolath@gmail.com,8249330554
766,Rohan,B+,Kochi,5,37.0,13.3,67.0,shanithshaji97@gmail.com,9645960193
106,Hari,B+,Kalamassery,10,38.24,13.17,78.0,sharbin1999@gmail.com,8249330554
618,Deepak,B-,Perumbavoor,5,37.01,14.49,47.0,littinrajan@gmail.com,9645960193
386,Karthik,O-,Thripunithura,13,38.75,13.96,89.0,sreeragkolath@gmail.com,9497004580
963,Littin,B+,Muvattupuzha,1,36.21,13.4,53.0,shanithshaji97@gmail.com,9746604142
588,Gopal,O-,Thripunithura,4,38.74,14.06,49.0,sharbin1999@gmail.com,8249330554
410,Hari,B-,Koothattukulam,10,36.67,13.95,51.0,sreeragkolath@gmail.com,9497004580
875,Rohan,B-,Aluva,5,38.2,12.38,63.0,shanithshaji97@gmail.com,9497004580
123,Adeel,B+,Muvattupuzha,5,37.33,12.77,55.0,sharbin1999@gmail.com,9645960193
940,Joseph,AB+,Thrikkakara,10,37.42,12.86,46.0,littinrajan@gmail.com,9746604142
628,Gireesh,B+,Perumbavoor,16,38.56,13.77,85.0,sreeragkolath@gmail.com,9746604142
408,Sreerag,AB+,Koothattukulam,5,37.86,14.46,75.0,shanithshaji97@gmail.com,9497004580
75,Vysakh,A-,Piravom,15,38.33,13.17,79.0,sharbin1999@gmail.com,8249330554
125,Rohan,AB+,Koothattukulam,11,37.26,14.23,59.0,sreeragkolath@gmail.com,7012485267
281,Dileep,B+,Kochi,14,35.9,13.06,68.0,shanithshaji97@gmail.com,9746604142
560,Jayadev,A-,Perumbavoor,5,36.28,12.84,62.0,sharbin1999@gmail.com,9645960193
268,Adeel,O+,Koothattukulam,3,38.79,14.14,77.0,sreeragkolath@gmail.com,9645960193
845,Shanith,B+,Kothamangalam,13,35.86,12.81,70.0,shanithshaji97@gmail.com,9746604142
753,Gireesh,A-,Kochi,7,37.38,14.74,73.0,sharbin1999@gmail.com,9497004580
555,Gireesh,AB-,Kalamassery,1,37.35,12.2,49.0,littinrajan@gmail.com,8249330554
587,Mithun,B-,Thrikkakara,12,36.87,13.87,85.0,sreeragkolath@gmail.com,9746604142
588,Sreerag,O+,Thrikkakara,18,36.3,13.46,74.0,shanithshaji97@gmail.com,7012485267
821,Vishnu,B+,Kothamangalam,17,36.87,12.84,83.0,sharbin1999@gmail.com,9645960193
633,Jayadev,B+,Kochi,18,38.62,13.24,57.0,sreeragkolath@gmail.com,9497004580
688,Adeel,AB+,Muvattupuzha,17,38.66,14.12,51.0,shanithshaji97@gmail.com,9645960193
700,Rohan,B+,kadavanthra,7,37.9,12.0,62.0,sharbin1999@gmail.com,9746604142
712,Vishnu,A-,Kothamangalam,7,34.0,12.0,61.27,sreeragkolath@gmail.com,9645960193
312,Hari,A+,kadavanthra,6,37.9,13.0,62.0,shanithshaji97@gmail.com,9746604142
121,Sreerag,A+,kothamangalam,4,32.0,13.0,58.0,sreeragkolath@gmail.com,7012485267
187,Joseph,O+,Kakkand,7,37.9,13.0,62.0,sreeragkolath@gmail.com,7012485267
132,Rohan,AB-,Aluva,6,36.0,13.0,72.0,santosh@techversantinfo.com,9497004580
231,Sreerag,O+,Aluva,6,37.0,13.0,54.0,sreeragkolath@gmail.com,8249330554
1002,Manu,A+,kakkanad,4,37.19,13.0,68.0,sreeragkolath@gmail.com,7012485267
