Blood_Group,Body_Temparature,Hemoglobin_content,ID,Month_Since_Last_Donation,email,location,weight
O-,38.75,13.96,386,13,sreeragkolath@gmail.com,Thripunithura,89
O-,38.74,14.06,588,4,sharbin1999@gmail.com,Thripunithura,49
A-,37.77,12.95,997,1,sreeragkolath@gmail.com,Perumbavoor,68
A-,38.76,14.75,790,13,littinrajan@gmail.com,Paravur,51
A-,38.57,14.25,987,10,sreeragkolath@gmail.com,Muvattupuzha,58
A-,37.5,12,917,1,littinrajan@gmail.com,Piravom,70
A-,38.33,13.17,75,15,sharbin1999@gmail.com,Piravom,79
A-,36.28,12.84,560,5,sharbin1999@gmail.com,Perumbavoor,62
A-,37.38,14.74,753,7,sharbin1999@gmail.com,Kochi,73
A-,34,12,712,7,sreeragkolath@gmail.com,Kothamangalam,61.27
