ID,Department,Blood_Group,Visits
sreerag_21-06-1995_24_Kakkanad,Neurologists,AB+,1
shanith_21-06-1996_23_Perumbavoor,dermatologist,A+,0
littin rajan_15-02-1996_24_Aluva,dermatologist,B+,0
adeel_10-05-1995_26_Aluva,cardiology,AB+,1
sreerag_21-06-1995_24_Kakkanad,Gastroenterologists,AB+,1
prateek_7-2-1997_23_Perumbavoor,endocrinologist,A+,1
sreerag_21-06-1995_24_Kakkanad,physician,AB+,1
sreerag_21-06-1995_24_Kakkanad,Nephrologists,AB+,1
vishnu_1-2-1993_27_Aluva,Psychiatrists,A+,3
ancy_1-2-1995_25_Perumbavoor,Psychiatrists,O-,0
archana_12-01-1996_24_Aluva,Gastroenterologists,A+,1
ar_21-06-1996_24_Kakkanad,physician,A+,1
